name,ticker
Exxon Mobil Corporation,XOM
General Electric Company,GE
Microsoft Corporation,MSFT
BP p.l.c.,BP
"Citigroup, Inc.",C
Procter & Gamble Company (The),PG
"Wal-Mart Stores, Inc.",WMT
"Pfizer, Inc.",PFE
"HSBC Holdings, plc.",HBC
Toyota Motor Corporation,TM
JOHNSON & JOHNSON,JNJ
Bank of America Corporation,BAC
"American International Group, Inc.",AIG
"TotalFinaElf, S.A.",TOT
Novartis AG,NVS
Altria Group,MO
GLAXOSMITHKLINE PLC,GSK
Mitsubishi UFJ Financial Group Inc,MTU
J.P. Morgan Chase & Co.,JPM
ROYAL DUTCH SHELL PLC,RDS/A
ChevronTexaco Corporation,CVX
Sanofi-Aventis SA,SNY
Vodafone AirTouch Public Limited Company,VOD
Intel Corporation,INTC
International Business Machines Corporation,IBM
ENI S.p.A.,E
"Cisco Systems, Inc.",CSCO
Berkshire Hathaway Inc.,BRK/A
UBS AG,UBS
Wells Fargo Cap IX,WFC
AT&T Inc.,T
ROYAL DUTCH SHELL PLC,RDS/B
Coca-Cola Company (The),KO
China Mobile (Hong Kong) Ltd.,CHL
"Pepsico, Inc.",PEP
Verizon Communications Inc.,VZ
CONOCOPHILLIPS,COP
"Genentech, Inc.",DNA
Amgen Inc.,AMGN
"Banco Santander Central Hispano, S.A.",STD
Hewlett-Packard Company,HPQ
Google Inc.,GOOG
"Home Depot, Inc. (The)",HD
Wachovia Corporation,WB
Siemens AG,SI
Nokia Corporation,NOK
UnitedHealth Group Incorporated,UNH
Time Warner Inc.,TWX
QUALCOMM Incorporated,QCOM
"ING Group, N.V.",ING
NTT Docomo Inc,DCM
E.ON AG,EON
ASTRAZENECA PLC,AZN
"Merck & Company, Inc.",MRK
Schlumberger N.V.,SLB
Telefonica SA,TEF
Mobile TeleSystems,MBT
Nippon Telegraph and Telephone Corporation,NTT
BHP Billiton Limited,BHP
CREDIT SUISSE GROUP,CSR
Barclays PLC,BCS
Dell Inc.,DELL
"Merrill Lynch & Co., Inc.",MER
Banco Bilbao Viscaya Argentaria S.A.,BBV
"Medtronic, Inc.",MDT
Abbott Laboratories,ABT
Deutsche Telekom AG,DT
American Express Company,AXP
Morgan Stanley,MS
"SAP Aktiengesellschaft Systeme, Anwendungen, Produkt",SAP
Sprint  Nextel Corporation,S
Oracle Corporation,ORCL
Eli Lilly and Company,LLY
Allianz Aktiengesellschaft,AZ
"Goldman Sachs Group, Inc. (The)",GS
"Apple Computer, Inc.",AAPL
AXA,AXA
American Home Products Corporation,WYE
STATOIL ASA,STO
eBay Inc.,EBAY
Petroleo Brasileiro S.A.- Petrobras,PBR
United Technologies Corporation,UTX
France Telecom S.A.,FTE
Anglo American plc,AAUK
DAIMLERCHRYSLER AG,DCX
Deutsche Bank AG,DB
LM Ericsson Telephone Company,ERICY
"Motorola, Inc.",MOT
Federal National Mortgage Association,FNM
Boeing Company (The),BA
3M Company,MMM
SPDR Trust Series I,SPY
Rio Tinto Plc,RTP
U.S. Bancorp,USB
"Canon, Inc.",CAJ
Taiwan Semiconductor Manufacturing Company Limited,TSM
"Matsushita Electric Industrial Company, Ltd.",MC
"Tyco International, Ltd.",TYC
ABN Amro Holding N.V.,ABN
"Honda Motor Company, Ltd.",HMC
ENEL S.p.A.,EN
Structured Products Corp.,BLS
LLOYDS TSB GROUP PLC,LYG
"Nissan Motor Co., Ltd.",NSANY
Royal Bank Of Canada,RY
"Lowe's Companies, Inc.",LOW
Sony Corporation,SNE
Yahoo! Inc.,YHOO
Walt Disney Company (The),DIS
Manulife Financial Corp,MFC
Target Corporation,TGT
Telefonica Moviles S.A.,TEM
"British American Tobacco  Industries, p.l.c.",BTI
"United Parcel Service, Inc.",UPS
WellPoint Health Networks Inc.,WLP
Texas Instruments Incorporated,TXN
SUEZ ADS,SZE
Federal Home Loan Mortgage Corporation,FRE
BHP BILLITON PLC,BBL
"Caterpillar, Inc.",CAT
Lehman ABS Corporation,BMY
"Koninklijke Philips Electronics, N.V.",PHG
McDonald's Corporation,MCD
Walgreen Company,WAG
Diageo plc,DEO
Encana Corporation,ECA
Brown-Forman Corporation,BF
"America Movil, S.A. de C.V.",AMX
"Washington Mutual, Inc.",WM
National Australia Bank Limited,NAB
Halliburton Company,HAL
Dow Chemical Company (The),DOW
Unilever NV,UN
BG Group plc,BRG
PETROLEO BRASILEIRO SA PETRO,PBR/A
Occidental Petroleum Corporation,OXY
ALCON INC,ACL
Bank of Nova Scotia (The),BNS
Valero Energy Corporation,VLO
Cia Vale do Rio Doce,RIO
Nomura Holdings Inc ADR,NMR
EXELON CORP,EXC
Prudential Financial Inc,PRU
"MetLife, Inc.",MET
Toronto Dominion Bank (The),TD
Comcast Corporation,CMCSA
Lehman Brothers Fin SA,LEH
Telecom Italia S.P.A.,TI
Corning Incorporated,GLW
Suncor Energy  Inc.,SU
Vivendi Universal,V
E.I. du Pont de Nemours and Company,DD
CNOOC Limited,CEO
Australia & New Zealand Banking Group Limited,ANZ
News Corporation Limited (The),NWS/A
First Data Corporation,FDC
Millea Holdings Inc. ADR,MLEA
Burlington Resources Inc.,BR
Allstate Corporation (The),ALL
Canadian Natural Resources Limited,CNQ
Repsol YPF S.A.,REP
Carnival Corporation,CCL
Westpac Banking Corporation,WBK
Honeywell International Inc.,HON
"Anheuser-Busch Companies, Inc.",BUD
EMC Corporation,EMC
Norsk Hydro ASA,NHY
Emerson Electric Company,EMR
"St. Paul Companies, Inc. (The)",STA
"Applied Materials, Inc.",AMAT
BT GROUP PLC,BT
"Cardinal Health, Inc.",CAH
FedEx Corporation,FDX
Bayer Aktiengesellschaft,BAY
Unilever PLC,UL
Devon Energy Corporation,DVN
Endesa S.A.,ELE
Bank Of Montreal,BMO
Burlington Northern Santa Fe Corporation,BNI
GROUPE DANONE,DA
"Viacom, Inc.",VIA/B
Lockheed Martin Corporation,LMT
Korea Electric Power Corporation,KEP
Colgate-Palmolive Company,CL
Schering-Plough Corp,SGP
Marathon Oil Corporation,MRO
"National Grid Transco, PLC",NGG
"Gilead Sciences, Inc.",GILD
Sasol Ltd.,SSL
Aetna Inc.,AET
Alcoa Inc.,AA
Teva Pharmaceutical Industries Limited,TEVA
Kookmin Bank,KB
Transocean Inc.,RIG
Kimberly-Clark Corporation,KMB
Baker Hughes Incorporated,BHI
Duke Energy Corporation,DUK
"Dominion Resources, Inc.",D
"SunTrust Banks, Inc.",STI
Southern Company (The),SO
AEGON N.V.,AEG
Sanpaolo IMI S.p.A.,IMI
Newmont Mining Corporation (Holding Company),NEM
"Franklin Resources, Inc.",BEN
Anadarko Petroleum Corporation,APC
"Automatic Data Processing, Inc.",ADP
Apache Corporation,APA
"Best Buy Co., Inc.",BBY
"Hartford Financial Services Group, Inc. (The)",HIG
Petro-Canada,PCZ
Sun Life Financial Incorporated,SLF
Guidant Corporation,GDT
Prudential Public Limited Company,PUK
Berkshire Hathaway Inc.,BRK/B
Cemex Sa De Cv A Ads,CX
"Bank of New York Company, Inc. (The)",BK
Starbucks Corporation,SBUX
TXU Corporation,TXU
Canadian National Railway Company,CNI
Adobe Systems Incorporated,ADBE
"Hitachi, Ltd.",HIT
Illinois Tool Works Inc.,ITW
Costco Wholesale Corporation,COST
AFLAC Incorporated,AFL
Union Pacific Corporation,UNP
Canadian Imperial Bank of Commerce,BCM
SLM Corporation,SLM
THOMSON CORP,TOC
Orix Corp Ads,IX
General Dynamics Corporation,GD
ALLTEL Corporation,AT
Baxter International Inc.,BAX
"Mitsui & Company, Ltd.",MITSY
Monsanto Company,MON
ABB LTD,ABB
CVS Corporation,CVS
"BCE, Inc.",BCE
Liberty Media Corporation,L
Talisman Energy Inc.,TLM
Capital One Financial Corporation,COF
"Caremark Rx, Inc.",CMX
Comcast Corporation,CMCSK
Northrop Grumman Corporation,NOC
Golden West Financial Corporation,GDW
NASDAQ-100 Index Tracking Stock,QQQQ
Norfolk Souther Corporation,NSC
BB&T Corporation,BBT
National City Corporation,NCC
YPF Sociedad Anonima,YPF
PetroChina Company Limited,PTR
Wipro Limited,WIT
Imperial Tobacco Group plc,ITY
iShares MSCI EAFE Index Fund,EFA
Royal KPN N.V.,KPN
Fifth Third Bancorp,FITB
Vivendi Environnement Ord,VE
"Cadbury Schweppes, PLC",CSG
Progressive Corporation (The),PGR
Infosys Technologies Limited,INFY
Archer-Daniels-Midland Company,ADM
HCA Inc.,HCA
"EOG Resources, Inc.",EOG
Stryker Corporation,SYK
"Pohang Iron & Steel Co., Ltd.",PKX
Structured Products Inc 8% CorTS,CFC
State Street Corp,STT
Symantec Corporation,SYMC
Broadcom Corporation,BRCM
"Allied Irish Banks, p.l.c.",AIB
Banco Bradesco Sa,BBD
"Marvell Technology Group, Ltd.",MRVL
Sears Holdings Corporation,SHLD
The DirecTV Group Inc,DTV
Tenaris S.A.,TS
Accenture Ltd.,ACN
ALCATEL,ALA
"McGraw-Hill Companies, Inc. (The)",MHP
Charles Schwab Corporation (The),SCHW
Scottish Power pls,SPI
Sysco Corporation,SYY
PNC Bank Corp.,PNC
SWISSCOM AG,SCM
Chubb Corporation (The),CB
"Advanced Micro Devices, Inc.",AMD
Moody's Corporation,MCO
"Simon Property Group, Inc.",SPG
"Amazon.com, Inc.",AMZN
Lafarge S.A.,LR
CBS Corporation,CBS
COMPANHIA VALE DO RIO DOCE,RIO^
Telstra Corporation Limited,TLS
Loews Corporation,LTR
Genzyme General,GENZ
Raytheon Company,RTN
Telenor ASA,TELN
Las Vegas Sands Corp.,LVS
"Federated Department Stores, Inc.",FD
"ALCAN, Inc.",AL
"St. Jude Medical, Inc.",STJ
Chunghwa Telecom Co Ltd,CHT
Boston Scientific Corporation,BSX
"Fuji Photo Film Co., Ltd.",FUJIY
XTO Energy Inc.,XTO
Kellogg Company,K
Ace Limited,ACE
"Waste Management, Inc.",WMI
"Staples, Inc.",SPLS
"General Mills, Inc.",GIS
Danaher Corporation,DHR
"SK Telecom Corporation, Ltd.",SKM
Cendant Corporation,CD
"Zimmer Holdings, Inc.",ZMH
News Corporation Limited (The),NWS
CRH PLC,CRHCY
"Praxair, Inc.",PX
Weyerhaeuser Company,WY
Kyocera Corporation,KYO
Deere & Company,DE
Novo Nordisk A/S,NVO
STMicroelectronics N.V.,STM
Governor and Company of the Bank of Ireland (The),IRE
Public Service Enterprise Group Incorporated,PEG
MedcoHealth Solutions Inc,MHS
"Marsh & McLennan Companies, Inc.",MMC
Telefonos de Mexico SA de CV Ser A Spons ADR,TMX
FirstEnergy Corporation,FE
"FPL Group, Inc.",FPL
Electronic Arts Inc.,ERTS
LG.PHILIPS,LPL
PUBLIC SVC ELEC & GAS CO,PEG^A
McKesson Corporation,MCK
Phelps Dodge Corporation,PD
AngloGold Ashanti Ltd.,AU
"Becton, Dickinson and Company",BDX
Banco Itau Holding Financeira SA (Holding Co),ITU
International Paper Company,IP
"British Sky Broadcasting Group, plc",BSY
Woori Finance Holdings Co Ltd,WF
"Computer Associates International, Inc.",CA
"Clear Channel Communications, Inc.",CCU
"Gap, Inc. (The)",GPS
"Nike, Inc.",NKE
"Forest Laboratories, Inc.",FRX
"Allergan, Inc.",AGN
"Weatherford International, Inc.",WFT
Natl Bk Greece Ads,NBG
"Sun Microsystems, Inc.",SUNW
Ford Motor Credit Company,F
Kohl's Corporation,KSS
Shinhan Financial Group Co Ltd,SHG
CIGNA Corporation,CI
"Transcananda Pipelines, Ltd.",TRP
Biogen Idec Inc,BIIB
Regions Financing Tr I,RF
"TPG, N.V.",TP
"Nexen, Inc.",NXY
REYNOLDS AMERICAN INC,RAI
"Gannett Co., Inc.",GCI
"Legg Mason, Inc.",LM
Kraft Foods Inc.,KFT
Omnicom Group Inc.,OMC
Mellon Financial Corporation,MEL
"Harley-Davidson, Inc.",HDI
"American Electric Power Company, Inc.",AEP
Chicago Mercantile Exchange Holdings,CME
"Analog Devices, Inc.",ADI
"Agilent Technologies, Inc.",A
Entergy Corporation,ETR
Amerada Hess Corporation,AHC
KeyCorp,KEY
WOLSELEY PLC,WOS
"Bear Stearns Companies, Inc (The)",BSC
Santa Fe International Corporation,GSF
TELECOM ITALIA S P A NEW,TI/A
Edison International,EIX
"Williams Companies, Inc. (The)",WMB
AB Volvo,VOLVY
"Yum! Brands, Inc.",YUM
Pacific Gas & Electric Co.,PCG
ICICI Bank Limited,IBN
"P.T. Telekomunikasi Indonesia, Tbk.",TLK
Marriot International,MAR
Sara Lee Corporation,SLE
Akzo Nobel N.V.,AKZOY
Cameco Corporation,CCJ
"Paychex, Inc.",PAYX
"Air Products and Chemicals, Inc.",APD
"Coach, Inc.",COH
General Motors Corporation,GM
Syngenta AG,SYT
"Harrah's Entertainment, Inc.",HET
"Entergy Mississippi, Inc.",EMQ
iShares S&P 500 Index Fund,IVV
"Maxim Integrated Products, Inc.",MXIM
"Johnson Controls, Inc.",JCI
BOC Group plc (The),BOX
Kroger Company (The),KR
"Starwood Hotels & Resorts Worldwide, Inc.",HOT
Xerox Corporation,XRX
Telkom SA Ltd,TKG
"Express Scripts, Inc.",ESRX
Schering Aktiengesellschaft,SHR
"National-Oilwell, Inc.",NOV
Southwest Airlines Company,LUV
Principal Financial Group Inc,PFG
WPP Group plc,WPPGY
Nidec Corporation (Nihon Densan Kabushiki Kaisha),NJ
Electronic Data Systems Corporation,EDS
Peabody Energy Corporation,BTU
BJ Services Company,BJS
Nucor Corporation,NUE
Nortel Networks Corporation,NT
Ingersoll-Rand Company,IR
"Avon Products, Inc.",AVP
United Microelectronics Corporation,UMC
"Sunoco, Inc.",SUN
"J.C. Penney Company, Inc. Holding Company",JCP
Chesapeake Energy Corporation,CHK
Turkcell Iletisim Hizmetleri AS,TKC
Equity Office Properties Trust,EOP
Research in Motion Limited,RIMM
Companhia de Bebidas das Americas - AmBev,ABV
Kerr-McGee Corporation,KMG
Southern Peru Copper Corporation,PCU
"Nabors Industries, Inc.",NBR
Tennessee Valley Authority,TVE
American Tower Corporation,AMT
Seagate Technology Holdings,STX
Tele Danmark A/S,TLD
Kubota Corporation,KUB
"Electricidade de Portugal, S.A.",EDP
Masco Corporation,MAS
Genworth Financial Inc,GNW
NEC Corporation,NIPNY
ProLogis,PLD
Vornado Realty Trust,VNO
SanDisk Corporation,SNDK
Campbell Soup Company,CPB
SEMPRA ENERGY,SRE
"General Growth Properties, Inc.",GGP
Advantest Corporation (Kabushiki Kaisha Advantest) ADS,ATE
"North Fork Bancorporation, Inc.",NFB
EQUITY RESIDENTIAL,EQR
Wm. Wrigley Jr. Company,WWY
TRANSCANADA CORP,TCA^
Reed Elsevier PLC,RUK
M&T Bank Corporation,MTB
"Kirin Brewery Company, Limited",KNBWY
TELEKOM AUSTRIA AG,TKA
Celgene Corporation,CELG
International Game Technology,IGT
"Koninklijke Ahold, N.V.",AHO
Korea Telecom Corporation,KTC
"Freeport-McMoRan Copper & Gold, Inc.",FCX
COMPANHIA DE BEBIDAS DAS AME,ABV/C
"Luxottica Group, S.p.A.",LUX
Carnival Plc ADS,CUK
XL CAPITAL LIMITED,XL
PACCAR Inc.,PCAR
"Lucent Technologies, Inc.",LU
"Portugal Telecom SGPS, S.A .",PT
"TJX Companies, Inc. (The)",TJX
"Kinder Morgan, Inc.",KMI
Rinker Group Limited,RIN
ROCKWELL AUTOMATION INC,ROK
"D.R. Horton, Inc.",DHI
Gold Fields Ltd.,GFI
CSX Corporation,CSX
"Network Appliance, Inc.",NTAP
"Consolidated Edison, Inc.",ED
PP&L Corporation,PPL
"Hellenic Telecommunication Organization, S.A.",OTE
Northern Trust Corporation,NTRS
"Rogers Communication, Inc.",RG
H.J. Heinz Company,HNZ
Linear Technology Corporation,LLTC
Rohm and Haas Company,ROH
"Nordstrom, Inc.",JWN
Placer Dome Incorporated,PDG
China Netcom Group Corporation (Hong Kong) Limited,CN
Qwest Communications International Inc.,Q
iShares MSCI Japan Index Fund,EWJ
CHINA UNICOM LTD,CHU
Textron Inc.,TXT
Aes Trust,AES
Bed Bath & Beyond Inc.,BBBY
ENBRIDGE INC,ENB
Noble Corporation,NE
PROGRESS ENERGY INC,PGN
"Fortune Brands, Inc.",FO
Aon Corporation,AOC
ASML Holding N.V.,ASML
"Diamond Offshore Drilling, Inc.",DO
Reuters Group PLC,RTRSY
FIAT S.p.A.,FIA
"ConAgra Foods, Inc.",CAG
UPM-Kymmene Oyj,UPM
United Utilities plc.,UU
CIT Group Inc (DEL),CIT
Murphy Oil Corporation,MUR
MGM MIRAGE,MGM
Safeway Inc.,SWY
Reed Elsevier NV,ENL
Adecco SA,ADO
FORD MTR CO DEL,F^A
"Pearson, Plc",PSO
"Constellation Energy Group, Inc.",CEG
Ameren Corporation,AEE
China Petroleum & Chemical Corporation,SNP
"Pulte Homes, Inc.",PHM
KLA-Tencor Corporation,KLAC
"Juniper Networks, Inc.",JNPR
"Office Depot, Inc.",ODP
"AMERIPRISE FINANCIAL SERVICES, INC.",AMP
"Gallaher Group, PLC",GLH
"Whole Foods Market, Inc.",WFMI
Quest Diagnostics Incorporated,DGX
"T. Rowe Price Group, Inc.",TROW
"PPG Industries, Inc.",PPG
Archstone Communities Trust,ASN
E*TRADE Financial Corporation,ET
Marshall & Ilsley Corporation,MI
Coles Meyer Limited,CM
Enterprise Products Partners L.P.,EPD
"Xilinx, Inc.",XLNX
Eaton Corporation,ETN
"Apollo Group, Inc.",APOL
PITNEY BOWES INC,PBI
"L-3 Communications Holdings, Inc.",LLL
Inco Ltd.,N
TDK Corporation,TDK
"Coventry Health Care, Inc.",CVH
UnionBanCal Corporation,UB
"Open Joint Stock Company Vimpel-Communications""""",VIP
AmSouth Bancorporation,ASO
"Smith International, Inc.",SII
National Semiconductor Corporation,NSM
Hilton Hotels Corporation,HLT
"Limited Brands, Inc.",LTD
"ITT Industries, Inc.",ITT
Lincoln National Corporation,LNC
"Biomet, Inc.",BMET
"Public Storage, Inc.",PSA
"Smith & Nephew SNATS, Inc.",SNN
"Autodesk, Inc.",ADSK
Computer Sciences Corporation,CSC
A.O. Tatneft,TNT
"Coca-Cola Enterprises, Inc.",CCE
Potash Corporation of Saskatchewan Inc.,POT
Dover Corporation,DOV
Grupo Televisa S.A.,TV
Goldcorp Incorporated,GG
"Albertson's, Inc.",ABS
Intuit Inc.,INTU
Hershey Foods Corporation,HSY
Mittal Steel Company NV,MT
Ecolab Inc.,ECL
Centex Corporation,CTX
Stora Enso Oyj,SEO
"Micron Technology, Inc.",MU
Humana Inc.,HUM
Parker-Hannifin Corporation,PH
Comerica Incorporated,CMA
"Banco Santiago, S.A.",SAN
Clorox Company (The),CLX
Tribune Company,TRB
AU OPTRONICS CORP,AUO
El Paso Corporation,EP
"Boston Properties, Inc.",BXP
Cinergy Corporation,CIN
Empresa Nacional de Electricidad S.A.,EOC
Synovus Financial Corporation,SNV
iShares MSCI Emerging Index Fund,EEM
Chiron Corporation,CHIR
Royal Caribbean Cruises Ltd.,RCL
MidCap SPDR Trust Series I,MDY
IAC/InterActiveCorp,IACI
Mirant Corp,MIR
"MedImmune, Inc.",MEDI
Ryanair Holdings plc,RYAAY
Hanson plc.(Holding Company),HAN
"Jabil Circuit, Inc.",JBL
Zions Bancorporation,ZION
"Expedia, Inc.",EXPE
IVAX Corporation,IVX
"MBIA, Inc.",MBI
iShares Russell 2000 Index Fund,IWM
Serono International S.A.,SRA
Fisher Scientific International Inc.,FSH
TD Ameritrade Holding Corporation,AMTD
"Ambac Financial Group, Inc.",ABK
"Fiserv, Inc.",FISV
Noble Energy Inc.,NBL
CNA Financial Corporation,CNA
"Rockwell Collins, Inc.",COL
Ultra Petroleum Corp.,UPL
"H&R Block, Inc.",HRB
"Magna International, Inc.",MGA
Kimco Realty Corporation,KIM
Cincinnati Financial Corporation,CINF
"Varian Medical Systems, Inc.",VAR
Hutchison Telecommunications International Limited,HTX
ENERSIS S A,ENI
Companhia Siderurgica Nacional S.A.,SID
Microchip Technology Incorporated,MCHP
"Chico's FAS, Inc.",CHS
Shire plc,SHPGY
"Expeditors International of Washington, Inc.",EXPD
ENSCO International Incorporated,ESV
Lennar Corporation,LEN
Asco Plc Ads,AAA
Xcel Energy Inc.,XEL
Jefferson-Pilot Corporation,JP
Laboratory Corporation of America Holdings,LH
Telecomunicacoes de Sao Paulo S.A.,TSP
"Sovereign Bancorp, Inc.",SOV
Imperial Chemical Industries Plc,ICI
NVIDIA Corporation,NVDA
"Kinder Morgan Energy Partners, L.P.",KMP
DIAMONDS Trust Series I,DIA
Fluor Corporation,FLR
Canadian Pacific Railway Limited,CP
Telecom Corporation of New Zealand Limited,NZT
China Life Insurance Company Limited,LFC
Univision Communications Inc.,UVN
"American Standard Companies, Inc.",ASD
Sirius Satellite Radio Inc.,SIRI
DTE Energy Company,DTE
"AutoZone, Inc.",AZO
Amvescap Plc,AVZ
"Cooper Industries, Ltd.",CBE
"NII Holdings, Inc.",NIHD
Publicis Groupe S.A.,PUB
Fresenius Medical Care Corporation,FMS
"Hudson City Bancorp, Inc.",HCBK
Genuine Parts Company,GPC
"Affiliated Computer Services, Inc.",ACS
KB HOME,KBH
Harmony Gold Mining Co. Ltd.,HMY
"AvalonBay Communities, Inc.",AVB
Vulcan Materials Company,VMC
International Power Plc,IPR
Sherwin-Williams Company (The),SHW
Cognizant Technology Solutions Corporation,CTSH
"Harman International Industries, Incorporated",HAR
COCA COLA HELLENIC BOTTLING CO,CCH
Eastman Kodak Company,EK
Southwestern Energy Company,SWN
iShares Dow Jones Select Dividend Index Fund,DVY
HOSPIRA INC,HSP
SODEXHO ALLIANCE SA,SDX
Cintas Corporation,CTAS
"Barr Pharmaceuticals, Inc.",BRL
Host Marriott Financial Trust,HMT
INFINEON TECHNOLOGIES AG,IFX
R.R. Donnelley & Sons Company,RRD
Altera Corporation,ALTR
Brookfield Properties Corporation,BPO
"Pepsi Bottling Group, Inc. (The)",PBG
Questar Corporation,STR
"C.H. Robinson Worldwide, Inc.",CHRW
Pixar,PIXR
CPFL Energia S.A.,CPL
"Wendy's International, Inc.",WEN
"Fidelity National Financial, Inc.",FNF
Pioneer Natural Resources Company,PXD
NCR Corporation,NCR
FREESCALE SEMICONDUCTOR INC,FSL/B
"Plum Creek Timber Company, Inc.",PCL
"Dassault Systemes, S.A.",DASTY
"Elan Corporation, plc",ELN
USX Corporation,X
Black & Decker Corporation (The),BDK
Crown Castle International Corporation,CCI
CONSOL Energy Inc.,CNX
ALUMINA LTD,AWC
Garmin Ltd.,GRMN
Newfield Exploration Company,NFX
Intercontinental Hotels Group,IHG
"Mattel, Inc.",MAT
"C.R. Bard, Inc.",BCR
Precision Castparts Corporation,PCP
"Scientific-Atlanta, Inc.",SFA
Technip,TKP
Bunge Limited,BG
British Airways plc,BAB
Telus Corporation,TU
Joy Global Inc.,JOYG
Royal & SunAlliance Insurance Group PLC,RSA
"Etablissements Delhaize Freres et Cie Le Lion"" S.A.""",DEG
Newell Rubbermaid Inc.,NWL
"Patterson-UTI Energy, Inc.",PTEN
Amdocs Limited,DOX
SAFECO Corporation,SAFC
"Grant Prideco, Inc.",GRP
"Wynn Resorts, Limited",WYNN
UST Inc.,UST
"W.W. Grainger, Inc.",GWW
Satyam Computer Services Limited,SAY
Gerdau S.A.,GGB
Lam Research Corporation,LRCX
W.R. Berkley Corporation,BER
KeySpan Corporation,KSE
Philippine Long Distance Telephone Company,PHI
Enerplus Resources Fund,ERF
Harris Corporation,HRS
Robert Half International Inc.,RHI
HDFC Bank Limited,HDB
V.F. Corporation,VFC
"Darden Restaurants, Inc.",DRI
Air France ADS,AKH
"Suntech Power Holdings Co., LTD.",STP
E.W. Scripps Company (The),SSP
"America Movil, S.A. de C.V.",AMOV
"VeriSign, Inc.",VRSN
"Compass Bancshares, Inc.",CBSS
UnumProvident Corporation,UNM
Tata Motors Ltd,TTM
Sepracor Inc.,SEPR
"Assurant, Inc.",AIZ
Washington Post Company (The),WPO
"MEMC Electronic Materials, Inc.",WFR
Flextronics International Ltd.,FLEX
MGIC Investment Corporation,MTG
"Everest Re Group, Ltd.",RE
Avery Dennison Corporation,AVY
"Omnicare, Inc.",OCR
Lyondell Chemical Company,LYO
Mosaic Company (The),MOS
"AutoNation, Inc.",AN
EchoStar Communications Corporation,DISH
Torchmark Corporation,TMK
Abercrombie & Fitch Company,ANF
XM Satellite Radio Holdings Inc.,XMSR
"Commerce Bancorp, Inc.",CBH
"Santos, Ltd.",STOSY
Fastenal Company,FAST
"Mohawk Industries, Inc.",MHK
"Tellabs, Inc.",TLAB
Telewest Global Inc,TLWT
"White Mountains Insurance Group, Ltd.",WTM
"Pride International, Inc.",PDE
IMS Health Incorporated,RX
Leucadia National Corporation,LUK
"Allegheny Energy, Inc.",AYE
Health Net Inc.,HNT
Formento Economico Mexicano S.A. de C.V.,FMX
"Lexmark International, Inc.",LXK
iShares Russell 1000 Value Index Fund,IWD
THOMSON multimedia S.A.,TMS
"Arch Coal, Inc.",ACI
Northern Indiana Public Service Company,NI
"CBOT Holdings, Inc.",BOT
DaVita Inc.,DVA
Cablevision Systems Corporation,CVC
CORUS GROUP PLC,CGA
"Comverse Technology, Inc.",CMVT
Cooper Cameron Corporation,CAM
Iron Mountain Incorporated,IRM
Willis Group Holdings Limited,WSH
Thermo Electron Corporation,TMO
Whirlpool Corporation,WHR
"Citrix Systems, Inc.",CTXS
"Popular, Inc.",BPOP
NTL Incorporated,NTLI
Tiffany & Co.,TIF
Developers Diversified Realty Corporation,DDR
Dollar General Corporation,DG
Vanguard Total Stock Market VIPERs,VTI
Applera Corporation,ABI
Huntington Bancshares Incorporated,HBAN
China Telecom Corp Ltd,CHA
"Constellation Brands, Inc.",STZ
Toll Brothers Inc.,TOL
Temple-Inland Inc.,TIN
Check Point Software Technologies Ltd.,CHKP
"Republic Services, Inc.",RSG
"Nextel Partners, Inc.",NXTP
"Red Hat, Inc.",RHAT
Dean Foods Company,DF
Allegheny Technologies Incorporated,ATI
"Rexam, Plc",REXMY
Macerich Company (The),MAC
"Getty Images, Inc.",GYI
"Health Management Associates, Inc.",HMA
"Monster Worldwide, Inc.",MNST
Shaw Communications Inc.,SJR
"Cadence Design Systems, Inc.",CDNS
Tesoro Petroleum Corporation,TSO
"Equifax, Inc.",EFX
JDS Uniphase Corporation,JDSU
Avaya Inc.,AV
Alliance Capital Management Holding L.P.,AC
Old Republic International Corporation,ORI
"Liberty Global, Inc.",LBTYA
"Rowan Companies, Inc.",RDC
Duke Realty Corporation,DRE
"Intuitive Surgical, Inc.",ISRG
BANCO DE CHILE,BCH
Embraer-Empresa Brasileira de Aeronautica,ERJ
Wisconsin Energy Corporation,WEC
Jacobs Engineering Group Inc.,JEC
Weight Watchers International Inc,WTW
Meadwestvaco Corporation,MWV
Goodrich Corporation (The),GR
Engelhard Corporation,EC
Matav,MTA
Dun & Bradstreet Corporation (The),DNB
"Liberty Global, Inc.",LBTYK
"BMC Software, Inc.",BMC
iShares Russell 1000 Growth Index Fund,IWF
St. Joe Company (The),JOE
"Sanyo Electric Co., Ltd.",SANYY
First Tennessee National Corporation,FHN
Huntsman Corporation,HUN
Patterson Companies Inc.,PDCO
Radian Group Inc.,RDN
Ashland Inc.,ASH
Western Digital Corporation,WDC
ADVANCE AUTO PARTS INC,AAP
CheckFree Corporation,CKFR
Manpower Inc,MAN
Mercantile Bankshares Corporation,MRBK
"Amylin Pharmaceuticals, Inc.",AMLN
Waters Corporation,WAT
Metso Corporation,MX
Tele Norte Leste Participacoes S.A.,TNE
Brown-Forman Corporation,BF/B
"Estee Lauder Companies, Inc. (The)",EL
American Power Conversion Corporation,APCC
CB Richard Ellis Group Inc,CBG
Hormel Foods Corporation,HRL
Associated Banc-Corp,ASBC
"New York Community Bancorp, Inc.",NYB
SCANA Corporation,SCG
"Williams-Sonoma, Inc.",WSM
"Knight-Ridder, Inc.",KRI
Sealed Air Corporation,SEE
"BEA Systems, Inc.",BEAS
"Station Casinos, Inc.",STN
Cummins Inc.,CMI
Amcor Limited,AMCR
"King Pharmaceuticals, Inc.",KG
"Leggett & Platt, Incorporated",LEG
Amphenol Corporation,APH
Stilwell Financial Inc.,JNS
"Michaels Stores, Inc.",MIK
"Urban Outfitters, Inc.",URBN
ATI Technologies Inc.,ATYT
First American Corporation (The),FAF
Axis Capital Holdings Limited,AXS
CDW Corporation,CDWC
"Circuit City Stores, Inc.",CC
AMB Property Corporation,AMB
"Equitable Resources, Inc.",EQT
Trend Micro Incorporated,TMIC
IPSCO Inc.,IPS
Salesforce.com Inc,CRM
Lafarge Corporation,LAF
"NVR, Inc.",NVR
Pacific Century CyberWorks Limited,PCW
"Ciba Specialty Chemicals Holding, Inc.",CSB
Student Loan Corporation (The),STU
Regency Centers Corporation,REG
Sigma-Aldrich Corporation,SIAL
"CenturyTel, Inc.",CTL
Potomac Electric Power Company,POM
SuperValu Inc.,SVU
"Interpublic Group of Companies, Inc. (The)",IPG
People's Bank,PBCT
MDU RES GROUP INC,MDU
Comp En De Mn Cemig ADS,CIG
Tomkins PLC,TKS
"Mylan Laboratories, Inc.",MYL
USG Corporation,USG
iShares Lehman 1-3 Year Treasury Bond Fund,SHY
GTECH Holdings Corporation,GTK
DENTSPLY International Inc.,XRAY
Pinnacle West Capital Corporation,PNW
Glamis Gold Ltd.,GLG
Ball Corporation,BLL
"Transatlantic Holdings, Inc.",TRH
Precision Drilling Corporation,PDS
Brown-Forman Corporation,BF/A
Lamar Advertising Company,LAMR
"Advanced Semiconductor Engineering, Inc.",ASX
"Federated Investors, Inc.",FII
Makita Corp.,MKTAY
"Ross Stores, Inc.",ROST
"Cephalon, Inc.",CEPH
Intersil Corporation,ISIL
Lincare Holdings Inc.,LNCR
"Arrow Electronics, Inc.",ARW
"Autoliv, Inc.",ALV
Stanley Works (The),SWK
NAVTEQ CORP,NVT
Citizens Communications Company,CZN
SEI Investments Company,SEIC
TransAlta Corporation,TAC
iShares S&P SmallCap 600 Index Fund,IJR
"Helmerich & Payne, Inc.",HP
New York Times Company (The),NYT
Alberto-Culver Company,ACV
AMR Corporation,AMR
Apartment Investment and Management Company,AIV
"Henry Schein, Inc.",HSIC
Discovery Holding Co,DISCA
ENERGY TRANSFER PARTNERS,ETP
iStar Financial Inc.,SFI
Global Payments Inc.,GPN
Boyd Gaming Corporation,BYD
"American Eagle Outfitters, Inc.",AEOS
Mechel Steel Group OAO,MTL
"Pharmaceutical Product Development, Inc.",PPDI
Liberty Property Trust,LRY
"Brown & Brown, Inc.",BRO
"CenterPoint Energy, Inc (Holding Co)",CNP
Arch Capital Group Ltd.,ACGL
AmeriCredit Corporation,ACF
Eastman Chemical Company,EMN
"Martin Marietta Materials, Inc.",MLM
"Novellus Systems, Inc.",NVLS
"Activision, Inc.",ATVI
"DST Systems, Inc.",DST
"NRG Energy, Inc.",NRG
"Networks Associates, Inc.",MFE
Allied Capital Corporation,ALD
"Pentair, Inc.",PNR
"Bunzl, plc",BNL
Range Resources Corporation,RRC
"Total System Services, Inc.",TSS
"PMI Group, Inc. (The)",PMI
"American Capital Strategies, Ltd.",ACAS
Molson Coors Brewing  Company,TAP
"Colonial BancGroup, Inc. (The)",CNB
Millicom International Cellular S.A.,MICC
Quicksilver Resources Inc.,KWK
"Compania Mina Buenaventura, S.A.",BVN
Indiana Michigan Power Co.,IJD
Endo Pharmaceuticals Holdings Inc.,ENDP
Vertex Pharmaceuticals Incorporated,VRTX
"Hasbro, Inc.",HAS
"Novell, Inc.",NOVL
"Health Care Property Investors, Inc.",HCP
ServiceMaster Company (The),SVM
Logitech International S.A.,LOGI
Cimarex Energy Co,XEC
"McDermott International, Inc.",MDR
Eaton Vance Corporation,EV
"Family Dollar Stores, Inc.",FDO
"Liz Claiborne, Inc.",LIZ
"Beckman Coulter, Inc.",BEC
ChoicePoint Inc.,CPS
"Conseco, Inc.",CNO
City National Corporation,CYN
"J.B. Hunt Transport Services, Inc.",JBHT
"Merrill Lynch & Co., Inc.",BDM
"O'Reilly Automotive, Inc.",ORLY
Energy East Corporation,EAS
"Watson Pharmaceuticals, Inc.",WPI
"Jones Apparel Group, Inc.",JNY
Invitrogen Corporation,IVGN
TRIZEC PROPERTIES INC,TRZ
CNX Gas Corporation,CXG
Brunswick Corporation,BC
Oshkosh Truck Corporation,OSK
"Tyson Foods, Inc.",TSN
"Aqua America, Inc.",WTR
Bausch & Lomb Incorporated,BOL
Weingarten Realty Investors,WRI
WestCorp,WES
Biovail Corporation,BVF
"A.G. Edwards, Inc.",AGE
Pogo Producing Company,PPP
"PETsMART, Inc.",PETM
Pall Corporation,PLL
Ceridian Corporation,CEN
LSI Logic Corporation,LSI
Millipore Corporation,MIL
"Western Gas Resources, Inc.",WGR
"McCormick & Company, Incorporated",MKC
"Avnet, Inc.",AVT
SL Green Realty Corporation,SLG
"FMC Technologies, Inc.",FTI
"TECO Energy, Inc.",TE
Covance Inc.,CVD
"Venator Group, Inc.",FL
"Florida Rock Industries, Inc.",FRK
REEBOK INTL LTD,RBK
"Triad Hospitals, Inc.",TRI
Freescale Semiconductor Inc,FSL
Federal Realty Investment Trust,FRT
Enterprise GP Holdings L.P.,EPE
Plains Exploration & Production Company,PXP
John Nuveen Company (The),JNC
"Brinker International, Inc.",EAT
PartnerRe Ltd.,PRE
iShares Lehman TIPS Bond Fund,TIP
Polo Ralph Lauren Corporation,RL
"United Dominion Realty Trust, Inc.",UDR
Terex Corporation,TEX
"Siliconware Precision Industries Company, Ltd.",SPIL
Alliant Energy Corporation,LNT
Alliance Data Systems Corporation,ADS
"Roper Industries, Inc.",ROP
"Commerce Bancshares, Inc.",CBSH
"Dade Behring Holdings, Inc",DADE
Cognos Incorporated,COGN
"Outback Steakhouse, Inc.",OSI
Cerner Corporation,CERN
"Nasdaq Stock Market, Inc. (The)",NDAQ
"HCC Insurance Holdings, Inc.",HCC
"Teradyne, Inc.",TER
Cytyc Corporation,CYTC
Solectron Corporation,SLR
Tenet Healthcare Corporation,THC
"Denbury Resources, Inc. (Holding Company)",DNR
Camden Property Trust,CPT
"Energizer Holdings, Inc.",ENR
"Community Health Systems, Inc.",CYH
"Ryland Group, Inc. (The)",RYL
Inamed Corporation,IMDC
Scotts Company (The),SMG
Tidewater Inc.,TDW
"Owens-Illinois, Inc.",OI
Perusahaan Satlt Cp,IIT
Timken Company (The),TKR
TCF Financial Corporation,TCB
"Charles River Laboratories International, Inc.",CRL
"Akamai Technologies, Inc.",AKAM
Corporate Executive Board Company (The),EXBD
GLOBAL SIGNAL INC,GSL
UTi Worldwide Inc.,UTIW
Harsco Corporation,HSC
Streettracks Gold Trust,GLD
Reckson Associates Realty Corporation,RA
"PDL BioPharma, Inc.",PDLI
Independence Community Bank Corp.,ICBC
Erie Indemnity Company,ERIE
Markel Corporation,MKL
Whitman Corporation,PAS
DPL Inc.,DPL
"Cal Dive International, Inc.",CDIS
WFS Financial Inc.,WFSI
"Raymond James Financial, Inc.",RJF
Smurfit-Stone Container Corporation,SSCC
Celanese Corporation,CE
Rayonier Inc. REIT,RYN
"Renal Care Group, Inc.",RCI
RenaissanceRe Holdings Ltd.,RNR
Sabre Holdings Corporation,TSG
"Bemis Company, Inc.",BMS
"Millennium Pharmaceuticals, Inc.",MLNM
"Dai'ei, Inc.",DAIEY
Forest Oil Corporation,FST
Compuware Corporation,CPWR
QLogic Corporation,QLGC
"Synopsys, Inc.",SNPS
Canadian Pac Ltd,FHR
Pactiv Corporation,PTV
CMS Energy Corporation,CMS
Career Education Corporation,CECO
Aramark Corporation,RMK
Massey Energy Company,MEE
Zebra Technologies Corporation,ZBRA
iShares S&P MidCap 400 Index Fund,IJH
"Jefferies Group, Inc.",JEF
HON INDUSTRIES Inc.,HNI
Signet Group plc,SIG
"Ventas, Inc.",VTR
"ITT Educational Services, Inc.",ESI
"Affiliated Managers Group, Inc.",AMG
"Plains All American Pipeline, L.P.",PAA
Konami Corporation,KNM
Loews Corporation,CG
BorgWarner Inc.,BWA
SPX Corporation,SPW
American National Insurance Company,ANAT
CARMAX INC,KMX
Protective Life Corporation,PL
Sappi Limited,SPP
Pittston Company (The),BCO
Agrium Inc.,AGU
"Crown Cork & Seal Company, Inc.",CCK
Rhodia SA,RHA
Ingram Micro Inc.,IM
Louisiana-Pacific Corporation,LPX
Lubrizol Corporation (The),LZ
"Choice Hotels International, Inc.",CHH
"Symbol Technologies, Inc.",SBL
James Hardie Industries NV,JHX
"Hughes Supply, Inc.",HUG
"CGI Group, Inc.",GIB
Hospitality Properites Trust,HPT
"Reliant Resources, Inc.",RRI
CAPITALSOURCE INC,CSE
"Manor Care, Inc.",HCR
Mercury General Corporation,MCY
iShares S&P 500/BARRA Growth Index Fund,IVW
NSTAR,NST
Sonoco Products Company,SON
"Level 3 Communications, Inc.",LVLT
Semiconductor  Manufacturing International Corporation,SMI
"Alamosa Holdings, Inc.",APCS
"Internationa Flavors & Fragrances, Inc.",IFF
iShares S&P 500/BARRA Value Index Fund,IVE
Aluminum Corporation of China Ltd,ACH
Investors Financial Services Corp.,IFIN
Molex Incorporated,MOLX
"Unitrin, Inc.",UTR
"Arden Realty, Inc.",ARI
"Reinsurance Group of America, Incorporated",RGA
BOK Financial Corporation,BOKF
Panamsat Holding Corporation,PA
ImClone Systems Incorporated,IMCL
Astoria Financial Corporation,AF
"Advanced Medical Optics, Inc.",EYE
"Hillenbrand Industries, Inc.",HB
Crompton Corporation,CEM
Chicago Bridge & Iron Company N.V.,CBI
"Allied Waste Industries, Inc.",AW
"Beazer Homes USA, Inc.",BZH
Frontline Ltd.,FRO
Radioshack Corporation,RSH
"Airgas, Inc.",ARG
"Claire's Stores, Inc.",CLE
Northeast Utilities,NU
Warner Music Group Corp.,WMG
"Smithfield Foods, Inc.",SFD
"PerkinElmer, Inc.",PKI
"ADC Telecommunications, Inc.",ADCT
Select Sector SPDR Fund - Energy Select Sector,XLE
Teekay Shipping Corporation,TK
"Cullen/Frost Bankers, Inc.",CFR
"Rambus, Inc.",RMBS
"American Financial Group, Inc.",AFG
General Motors Corporation,GPM
NISSIN CO LTD,NIS
"YRC Worldwide, Inc.",YRCW
Cheesecake Factory Incorporated (The),CAKE
FORD MTR CO CAP TR II,F^S
"Gildan Activewear, Inc.",GIL
"AMTEK, Inc.",AME
Scientific Games Corp,SGMS
AVX Corporation,AVX
"Ryder System, Inc.",R
"Fair, Isaac and Company, Incorporated",FIC
Brandywine Realty Trust,BDN
Energen Corporation,EGN
iShares Russell 2000 Value Index Fund,IWN
Nova Chemicals Corporation,NCX
"Donaldson Company, Inc.",DCI
Alliant Techsystems Inc.,ATK
West Corporation,WSTC
Forest City Enterprises Inc,FCE/A
"M.D.C. Holdings, Inc.",MDC
"Shurgard Storage Centers, Inc.",SHU
Shaw Group Inc. (The),SGR
"Intercontinentalexchange, Inc.",ICE
Fulton Financial Corporation,FULT
"Pan Pacific Retail Properties, Inc.",PNP
"JLG Industries, Inc.",JLG
Wilmington Trust Corporation,WL
Buhrmann Nv,BUH
Credicorp Ltd.,BAP
Southern Union Company,SUG
ResMed Inc.,RMD
"Barnes & Noble, Inc.",BKS
"AGL Resources, Inc.",ATG
National Fuel Gas Company,NFG
Arthur J. Gallagher & Co.,AJG
"Sky Financial Group, Inc.",SKYF
"Integrated Device Technology, Inc.",IDTI
Commercial Metals Company,CMC
Mack-Cali Realty Corporation,CLI
Foster Wheeler Ltd.,FWLT
Goodyear Tire & Rubber Company (The),GT
"ONEOK, Inc.",OKE
Unit Corporation,UNT
Graco Inc.,GGG
Valspar Corporation (The),VAL
TODCO,THE
"MDS, Inc.",MDZ
"Laidlaw International, Inc.",LI
"Viacom, Inc.",VIA
Business Objects S.A.,BOBJ
Meridian Gold Inc.,MDG
Thomas & Betts Corporation,TNB
"StanCorp Financial Group, Inc.",SFG
Petrobras Energia Participaciones SA,PZE
"CBL & Associates Properties, Inc.",CBL
United States Cellular Corporation,USM
"Diebold, Incorporated",DBD
Titanium Metals Corporation,TIE
"Thornburg Mortgage, Inc.",TMA
Saks Incorporated,SKS
"Vishay Intertechnology, Inc.",VSH
"CNF, Inc.",CNF
Frontier Oil Corporation,FTO
"Penn National Gaming, Inc.",PENN
Bank of Hawaii Corporation,BOH
Standard Pacific Lp,SPF
"Silicon Laboratories, Inc.",SLAB
Sierra Pacific Resources,SRP
iShares Lehman Aggregate Bond Fund,AGG
"Dollar Tree Stores, Inc.",DLTR
"Stericycle, Inc.",SRCL
"W&T Offshore, Inc.",WTI
Nalco Holding Company,NLC
Reliance Steel & Aluminum Company,RS
"Kinder Morgan Management, LLC",KMR
"IndyMac Bancorp, Inc.",NDE
National Instruments Corporation,NATI
FRESENIUS MED CARE AG,FMS^
"BlackRock, Inc.",BLK
Gol Linhas Aereas Inteligentes S.A.,GOL
Valley National Bancorp,VLY
Allmerica Financial Corporation,THG
Emdeon Corporation,HLTH
"Respironics, Inc.",RESP
Gentex Corporation,GNTX
"Laureate Education, Inc.",LAUR
"TEPPCO Partners, L.P.",TPP
Fairfax Financial Holdings Ltd,FFH
PrimeWest Energy Trust,PWI
International Rectifier Corporation,IRF
"New Plan Excel Realty Trust, Inc.",NXL
Gen-Probe Incorporated,GPRO
"F5 Networks, Inc.",FFIV
"BRE Properties, Inc.",BRE
Teleflex Incorporated,TFX
Edwards Lifesciences Corporation,EW
Videsh Sanchar Nigam Limited,VSL
TRW Automotive Holdings Corporation,TRW
"Kinetic Concepts, Inc.",KCI
Flowserve Corporation,FLS
J.M. Smucker Company (The),SJM
"Affymetrix, Inc.",AFFX
Webster Financial Corporation,WBS
Cabot Oil & Gas Corporation,COG
CNH Global N.V.,CNH
"Trinity Industries, Inc.",TRN
Wesco Financial Corporation,WSC
Packaging Corporation of America,PKG
SCOR S.A.,SCO
"Landstar System, Inc.",LSTR
Methanex Corporation,MEOH
Pioneer Corporation,PIO
St. Mary Land,SM
"Cooper Companies, Inc. (The)",COO
Cabot Corporation,CBT
"Walter Industries, Inc.",WLT
"IDEXX Laboratories, Inc.",IDXX
OGE Energy Corporation,OGE
Danielson Holding Corporation,CVA
"Duff & Phelps Utilities Income, Inc.",DNP
"Nationwide Financial Services, Inc.",NFS
Puget Sound Energy,PSD
Stolt Offshore S.A.,SOSA
Service Corporation International,SCI
"ARM Holdings, plc",ARMHY
Aber Diamond Corporation,ABER
AnnTaylor Stores Corporation,ANN
"American Pharmaceutical Partners, Inc.",APPX
"Universal Health Services, Inc.",UHS
"Thor Industries, Inc.",THO
CenterPoint Properties Trust,CNT
Herbalife LTD.,HLF
Havas,HAVS
Lan Chile S.A.,LFL
"Lihir Gold, Limited",LIHRY
Convergys Corporation,CVG
"Tektronix, Inc.",TEK
IDEX Corporation,IEX
"Mettler-Toledo International, Inc.",MTD
Companhia Brasileira de Distribuicao,CBD
Agnico-Eagle Mines Limited,AEM
"Fairchild Semiconductor International, Inc.",FCS
iShares Russell 2000 Growth Index Fund,IWO
"US Airways Group, Inc. New",LCC
Molex Incorporated,MOLXA
Kerzner International Limited,KZL
Amerus Group Company,AMH
"Dow Jones & Company, Inc.",DJ
"Church & Dwight Company, Inc.",CHD
Cleveland-Cliffs Inc.,CLF
iShares Russell 1000 Index Fund,IWB
Companhia de saneamento Basico Do Estado De Sao Pa,SBS
iShares S&P MidCap 400/Barra Value Index Fund,IJJ
Mills Corporation (The),MLS
TM Corporate Bond Fund,LQD
Maxtor Corporation,MXO
"Harte-Hanks, Inc.",HHS
Capitol Federal Financial,CFFN
Tech Data Corporation,TECD
"Enbridge Energy, Limited Partnership",EEP
Snap-On Incorporated,SNA
CIENA Corporation,CIEN
Cypress Semiconductor Corporation,CY
Mahanagar Telephone Nigam Ltd,MTE
Hubbell Inc A,HUB/B
"Hologic, Inc.",HOLX
"Alexander & Baldwin, Inc.",ALEX
Education Management Corporation,EDMC
Dresser-Rand Group Inc.,DRC
"Netease.com, Inc.",NTES
Adesa Inc,KAR
Alleghany Corporation,Y
Cytec Industries Inc.,CYT
"VCA Antech, Inc.",WOOF
Unisys Corporation,UIS
"United Rentals, Inc.",URI
"Copart, Inc.",CPRT
"Sierra Health Services, Inc.",SIE
HOVNANIAN ENTERPRISES INC,HOV
Polaris Industries Inc.,PII
Carpenter Technology Corporation,CRS
"Essex Property Trust, Inc.",ESS
"WESCO International, Inc.",WCC
"Lennox International, Inc.",LII
"Leap Wireless International, Inc.",LEAP
"Moneygram International, Inc.",MGI
New Century Financial Corp.,NEW
Kennametal Inc.,KMT
UGI Corporation,UGI
HRPT Properties Trust,HRP
Crane Company,CR
JetBlue Airways Corporation,JBLU
"Neurocrine Biosciences, Inc.",NBIX
WPS Resources Corporation,WPS
Philadelphia Consolidated Holding Corp.,PHLY
"RPM, Inc.",RPM
"Cogent, Inc.",COGT
"ADTRAN, Inc.",ADTN
"CNET Networks, Inc.",CNET
Sanmina-SCI Corporation,SANM
Agere Systems Inc,AGR
Compagnie Generale de Geophysique,GGY
"Alkermes, Inc.",ALKS
Techne Corporation,TECH
Benetton Group SPA,BNG
Holly Corporation,HOC
ROYAL BK SCOTLAND GROUP PLC,RBS^F
Brookdale Senior Living Inc.,BKD
Tri Continental Corporation,TY
Travelers Property Casualty Corporation,TPK
"UNOVA, Inc.",IN
"BJ's Wholesale Club, Inc.",BJ
Endurance Specialty Holdings Ltd,ENH
Meredith Corporation,MDP
Calamos Strategic Total Return,CSQ
"Pediatrix Medical Group, Inc.",PDX
"Telephone and Data Systems, Inc.",TDS
Tele Celular Sul Participacoes S.A.,TSU
Petroleum Geo-Services Asa,PGS
"Superior Energy Services, Inc.",SPN
Belo Corporation,BLC
Trimble Navigation Limited,TRMB
"Health Care REIT, Inc.",HCN
FMC Corporation,FMC
Crescent Real Estate Equities Company,CEI
CarrAmerica Realty Corporation,CRE
Merrill Lynch Biotech HOLDRS,BBH
"American Real Estate Partners, L.P.",ACP
"Valhi, Inc.",VHI
Del Monte Foods Company,DLM
Great Plains Energy Inc,GXP
"RPC, Inc.",RES
URS Corporation,URS
Carlisle Companies Incorporated,CSL
Atmos Energy Corporation,ATO
"Hawaiian Electric Industries, Inc.",HE
Huaneng Power Intl,HNP
Aracruz Celulose S.A.,ARA
"Foundry Networks, Inc.",FDRY
Chartered Semiconductor Manufacturing Ltd.,CHRT
"MSC Industrial Direct Company, Inc.",MSM
Interactive Data Corporation,IDC
San Juan Basin Royalty Trust,SJT
CAE INC,CGT
"Washington Federal, Inc.",WFSL
FirstMerit Corporation,FMER
R.H. Donnelley Corporation,RHD
Whitney Holding Corporation,WTNY
Vectren Corporation,VVC
SCP Pool Corporation,POOL
TELEPHONE & DATA SYS INC,TDS/S
"East West Bancorp, Inc.",EWBC
Colonial Properties Trust,CLP
Andrew Corporation,ANDW
"Avid Technology, Inc.",AVID
"Northern Border Partners, L.P.",NBP
Jones Lang LaSalle Incorporated,JLL
Maverick Tube Corporation,MVK
"Herman Miller, Inc.",MLHR
Anteon International Corporation,ANT
Seaboard Corporation,SEB
CBRL Group Inc.,CBRL
Hyperion Solutions Corporation,HYSL
Westlake Chemical Corporation,WLK
Albemarle Corporation,ALB
"Overseas Shipholding Group, Inc.",OSG
"Kos Pharmaceuticals, Inc.",KOSP
First Marblehead Corporation (The),FMD
Panera Bread Company,PNRA
Focus Media Holding Limited,FMCN
Boise Cascade Corporation,OMX
Distribucion y Servicio,DYS
Aspen Insurance Holdings Limited,AHL
Acxiom Corporation,ACXM
"Manitowoc Company, Inc.",MTW
Zenith National Insurance Corporation,ZNT
"Corn Products International, Inc.",CPO
GATX Corporation,GMT
Tractor Supply Company,TSCO
"Oil States International, Inc.",OIS
"Foundation Coal Holdings, Inc.",FCL
"Steel Dynamics, Inc.",STLD
Burlington Coat Factory Corporation,BCF
"Abgenix, Inc.",ABGX
"First Industrial Realty Trust, Inc.",FR
"Palm, Inc.",PALM
"Korea Fund, Inc. (The)",KF
Telesp Celular Participacoes S.A.,TCP
"Alexandria Real Estate Equities, Inc.",ARE
"MetLife, Inc.",MEU
"Cree, Inc.",CREE
Microsemi Corporation,MSCC
"AptarGroup, Inc.",ATR
Mentor Corporation,MNT
National Financial Partners Corporation,NFP
Wacoal Holdings Corporation,WACLY
"Neustar, Inc.",NSR
"Celestica, Inc.",CLS
CompuCredit Corporation,CCRT
"Carter's, Inc.",CRI
Dr. Reddy's Laboratories Ltd,RDY
Magellan Midstream Partners L.P.,MMP
Columbia Sportswear Company,COLM
Kilroy Realty Corporation,KRC
"Sybase, Inc.",SY
Realty Income Corporation,O
South Financial Group Inc. (The),TSFG
Hansen Natural Corporation,HANS
Desarrolladora Homex,HXM
"Dillard's, Inc.",DDS
Compania de Telecomunicaciones de Chile S.A.,CTC
FactSet Research Systems Inc.,FDS
Hexcel Corporation,HXL
ON Semiconductor Corporation,ONNN
Ohio Casualty Corporation,OCAS
"Cheniere Energy, Inc.",LNG
ASSURED GUARANTY LTD,AGO
Toro Company (The),TTC
"Nuveen Municipal Value Fund, Inc.",NUV
"NFJ Dividend, Interest & Premium Strategy Fund",NFJ
Atmel Corporation,ATML
Fremont General Corporation,FMT
Alliance Capital Management Holding L.P.,ACG
"Taubman Centers, Inc.",TCO
Kansas City Southern,KSU
Navistar International Corporation,NAV
Valero LP,VLI
"Investment Technology Group, Inc.",ITG
"Four Seasons Hotels, Inc.",FS
LENNAR CORP,LEN/B
Select Sector SPDR Fund - Financial,XLF
iShares Russell 3000 Index Fund,IWV
"ValueClick, Inc.",VCLK
"Guess?, Inc.",GES
Rite Aid Corporation,RAD
"Coldwater Creek, Inc.",CWTR
"Varian Semiconductor Equipment Associates, Inc.",VSEA
"Lincoln Electric Holdings, Inc.",LECO
"Jack Henry & Associates, Inc.",JKHY
HUDSON UNITED BANCORP,HU
"Waddell & Reed Financial, Inc.",WDR
SBA Communications Corporation,SBAC
"Simpson Manufacturing Company, Inc.",SSD
International Bancshares Corporation,IBOC
Copene-Petroquimica do Nordeste,BAK
Timberland Company (The),TBL
SEACOR SMIT Inc.,CKH
"Piedmont Natural Gas Company, Inc.",PNY
iShares Russell MidCap Value Index Fund,IWS
Central European Media Enterprises Ltd.,CETV
STERIS Corporation,STE
"Friedman, Billings, Ramsey Group, Inc.",FBR
"bebe stores, inc.",BEBE
Select Sector SPDR Fund - Health Care,XLV
"Applebee's International, Inc.",APPB
Stolt-Nielsen S.A.,SNSA
Downey Financial Corporation,DSL
"Polycom, Inc.",PLCM
"Worthington Industries, Inc.",WOR
"Pacific Sunwear of California, Inc.",PSUN
Brady Corporation,BRC
"Commerce Group, Inc. (The)",CGI
Eaton Vance Corporation,ETW
"optionsXpress Holdings, Inc.",OXPS
Kyphon Inc.,KYPH
Nicor Inc.,GAS
"Men's Wearhouse, Inc. (The)",MW
"BancorpSouth, Inc.",BXS
"Equity One, Inc.",EQY
Briggs & Stratton Corporation,BGG
KKR Financial Corp.,KFN
Aktieselskabet Dampskibsselskabet Torm,TRMD
"John Wiley & Sons, Inc.",JW/A
"United Auto Group, Inc.",UAG
Houston Exploration Company (The),THX
Cathay General Bancorp,CATY
"CORUS Bankshares, Inc.",CORS
"Westar Energy, Inc.",WR
Encore Acquisition Company,EAC
NCE Petrofund,PTF
"Continental Airlines, Inc.",CAL
3Com Corporation,COMS
Platinum Underwriters Holdings Ltd,PTP
Anixter International Inc.,AXE
Reynolds and Reynolds Company (The),REY
"MICROS Systems, Inc.",MCRS
CLARCOR Inc.,CLC
"LifePoint Hospitals, Inc.",LPNT
Nuveen Preferred and Convertible Income Fund 2,JQC
Perot Systems Corporation,PER
Regis Corporation,RGS
SVB Financial Group,SIVB
Qiagen N.V.,QGEN
"BISYS Group, Inc. (The)",BSG
"Knight Transportation, Inc.",KNX
"Lone Star Technologies, Inc.",LSS
Select Sector SPDR Fund - Utilities,XLU
Parametric Technology Corporation,PMTC
"PMC - Sierra, Inc.",PMCS
Eaton Vance Limited Duration Income Fund,EVV
Gaylord Entertainment Company,GET
"IPC Holdings, Limited",IPCR
Nektar Therapeutics,NKTR
"Psychiatric Solutions, Inc.",PSYS
"Swift Transportation Co., Inc.",SWFT
"Baidu.com, Inc.",BIDU
Westamerica Bancorporation,WABC
"Veriphone Holdings, Inc.",PAY
Amerco,UHAL
CBS CORP NEW,CBS/A
Pimco High Income Fund,PHK
"Sybron Dental Specialties, Inc.",SYD
Montpelier RE Holdings Ltd,MRH
"CACI International, Inc.",CAI
"Heartland Express, Inc.",HTLD
General Motors Corporation Ser B Conv Sr Dbs due 2032,GBM
"AmeriGas Partners, L.P.",APU
"United Surgical Partners International, Inc.",USPI
"Werner Enterprises, Inc.",WERN
Buckeye Partners L.P.,BPL
Gamestop Corporation,GME
Nutri/System Inc,NTRI
"Abitibi-Consolidated, Inc.",ABY
Whiting Petroleum Corporation,WLL
Odyssey Re Holdings Corporation,ORH
"Highwoods Properties, Inc.",HIW
Lear Corporation,LEA
"aQuantive, Inc.",AQNT
"Quiksilver, Inc.",ZQK
ACUITY BRANDS INC,AYI
Greenhill,GHL
Pacific Capital Bancorp,PCBC
"TIBCO Software, Inc.",TIBX
"SkyWest, Inc.",SKYW
Hanover Compressor Company,HC
"PNM Resources, Inc. (Holding Co.)",PNM
Granite Construction Incorporated,GVA
UICI,UCI
Heritage Property Investment Trust Inc,HTG
"First Citizens BancShares, Inc.",FCNCA
"Fossil, Inc.",FOSL
Medicis Pharmaceutical Corporation,MRX
Berry Petroleum Company,BRY
Corrections Corporation of America,CXW
Eaton Vance Tax Advantaged Dividend Income Fund,EVT
Hewitt Associates Inc,HEW
Jarden Corporation,JAH
Smedvig Asa Ads Cla,SMV/A
Dynegy Inc.,DYN
Nuveen Quality Preferred Income Fund 2,JPS
Healthcare Realty Trust Incorporated,HR
"Flowers Foods, Inc.",FLO
Sonic Corp.,SONC
"Payless Shoesource, Inc.",PSS
"NewAlliance Bancshares, Inc.",NAL
Bill Barrett Corporation,BBG
"SiRF Technology Holdings, Inc.",SIRF
"GRUMA, S.A. de C.V.",GMK
Valeant Pharmaceuticals International,VRX
"Armor Holdings, Inc.",AH
Domino's Pizza Inc,DPZ
"Ruby Tuesday, Inc.",RI
"Watsco, Inc.",WSO
"Plantronics, Inc.",PLT
"Post Properties, Inc.",PPS
Meritage Corporation,MTH
THQ Inc.,THQI
Rostelecom,ROS
"FLIR Systems, Inc.",FLIR
"Borders Group, Inc.",BGP
Aeropostale Inc,ARO
BEARINGPOINT INC,BE
Brasil Telecom Participacoes S.A.,BRP
Hydril,HYDL
"Selective Insurance Group, Inc.",SIGI
"Nelnet, Inc.",NNI
"Quanta Services, Inc.",PWR
Converium Holding AG,CHR
ABN AMRO CAP FDG TR VII,ABN^G
iShares Small Cap 600/BARRA Value Index Fund,IJS
AGCO Corporation,AG
MI Developments Inc,MIM
Avocent Corporation,AVCT
"Syniverse Holdings, Inc.",SVR
"Carbo Ceramics, Inc.",CRR
DeVry Inc.,DV
Waste Connections Inc.,WCN
Pilgrim's Pride Corporation,PPC
"Marvel Enterprises, Inc.",MVL
United Stationers Inc.,USTR
Pan American Silver Corp.,PAAS
"UCBH Holdings, Inc.",UCBH
"Powerwave Technologies, Inc.",PWAV
Genlyte Group Incorporated (The),GLYT
OSI Pharmaceuticals Inc.,OSIP
"Cymer, Inc.",CYMI
Eaton Vance Tax-Advantaged Global Dividend Income Fu,ETG
"Florida East Coast Industries, Inc.",FLA
iShares MSCI Pacific Ex-Japan Index Fund,EPP
"EGL, Inc.",EAGL
"Global Industries, Ltd.",GLBL
iShares Cohen & Steers Realty Majors Index Fund,ICF
Corporate Office Properties Trust,OFC
iShares NASDAQ Biotechnology Index Fund,IBB
American Financial Realty Trust,AFR
SOCIEDAD QUIMICA Y MINERA DE,SQM/A
"Compania Cervecerias Unidas, S.A.",CU
"Conexant Systems, Inc.",CNXT
Brookfield Homes Corp,BHS
ICOS Corporation,ICOS
Pro-Assurance Corporation,PRA
COLT Telecom Group plc,COLT
"Oceaneering International, Inc.",OII
Wellcare Group,WCG
"First Midwest Bancorp, Inc.",FMBI
Trustmark Corporation,TRMK
Cousins Properties Incorporated,CUZ
Highveld Steel and Vanadium Corporation Limited,HSVLY
METLIFE INC,MET^B
Openwave Systems Inc,OPWV
"American Medical Systems Holdings, Inc.",AMMD
"Veritas DGC, Inc.",VTS
iShares S&P MidCap 400/BARRA Growth Index Fund,IJK
"Quest Software, Inc.",QSFT
"Washington Group International, Inc.",WGII
"United Bankshares, Inc.",UBSI
"IKON Office Solutions, Inc.",IKN
"Websense, Inc.",WBSN
"Speedway Motorsports, Inc.",TRK
iShares Russell MidCap Index Fund,IWR
"Rockwood Holdings, Inc.",ROC
"Reader's Digest Association, Inc. (The)",RDA
AMERADA HESS CORP,AHC^
Gemplus International S.A.,GEMP
Gabelli Dividend,GDV
First Niagara Financial Group Inc.,FNFG
"Gartner, Inc.",IT
Park National Corporation,PRK
"Medarex, Inc.",MEDX
Quanex Corporation,NX
"Sunrise Senior Living, Inc.",SRZ
Imation Corporation,IMN
State Auto Financial Corporation,STFC
"India Fund, Inc. (The)",IFN
ViroPharma Incorporated,VPHM
Actuant Corporation,ATU
"BE Aerospace, Inc.",BEAV
"Myogen, Inc.",MYOG
Ritchie Bros. Auctioneers Incorporated,RBA
"Nationwide Health Properties, Inc.",NHP
"Morningstar, Inc.",MORN
"International Coal Group, Inc.",ICO
Hugoton Royalty Trust,HGT
Oce NV,OCENY
"Annaly Mortgage Management, Inc.",NLY
KRONOS WORLDWIDE INC,KRO
ING Clarion Global Real Estate Income Fund,IGR
Emulex Corporation,ELX
PHH CORP,PHH
"Benchmark Electronics, Inc.",BHE
Salomon Brothers Fund Inc.,SBF
"Ceradyne, Inc.",CRDN
"Texas Regional Bancshares, Inc.",TRBS
Phillips-Van Heusen Corporation,PVH
Bowater Incorporated,BOW
Tommy Hilfiger USA Inc,TOM
"Big Lots, Inc.",BLI
Washington Gas Light Company,WGL
"Electronics for Imaging, Inc.",EFII
"Alpha Natural Resources, inc.",ANR
BP Prudhoe Bay Royalty Trust,BPT
"Cedar Fair, L.P.",FUN
Max Re Capital Ltd.,MXRE
Westinghouse Air Brake Technologies Corporation,WAB
GFI Group Inc.,GFIG
Potlatch Corporation,PCH
Yanzhou Coal Mining Company Limited,YZC
"Netflix, Inc.",NFLX
Aberdeen Asia-Pacific Income Fund Inc,FAX
Diagnostic Products Corporation,DP
"Atwood Oceanics, Inc.",ATW
United Therapeutics Corporation,UTHR
National Australia Bank Limited,NAU
Pennsylvania Real Estate Investment Trust,PEI
Maguire Properties Inc,MPG
"EarthLink, Inc.",ELNK
"AirTran Holdings, Inc.",AAI
"Talbots, Inc. (The)",TLB
Nordson Corporation,NDSN
"Energy Conversion Devices, Inc.",ENER
"Charming Shoppes, Inc.",CHRS
Olin Corporation,OLN
"Rollins, Inc.",ROL
Partner Communications Company Ltd.,PTNR
"Oregon Steel Mills, Inc.",OS
"Grey Wolf, Inc.",GW
"ZymoGenetics, Inc.",ZGEN
Van Kampen Senior Income Trust,VVR
"KCS Energy, Inc.",KCS
"Home Properties, Inc.",HME
Mine Safety Appliances Company,MSA
Perrigo Company,PRGO
"Ventana Medical Systems, Inc.",VMSI
Rent-A-Center Inc.,RCII
BanColombia S.A.,CIB
UMB Financial Corporation,UMBF
Patni Computer Systems Limited,PTI
Headwaters Incorporated,HW
"Tessera Technologies, Inc.",TSRA
"Human Genome Sciences, Inc.",HGSI
"Adams Respiratory Therapeutics, Inc.",ARXT
Citadel Broadcasting Corporation,CDL
"Modis Professional Services, Inc.",MPS
Sociedad Quimica y Minera S.A.,SQM
"Phoenix Companies, Inc. (The)",PNX
Kirby Corporation,KEX
"Universal Compression Holdings, Inc.",UCO
Sadia S.A.,SDA
"Entegris, Inc.",ENTG
"Arrow International, Inc.",ARRO
Peoples Energy Corporation,PGL
American Home Mortgage Investment Corp,AHM
Ethan Allen Interiors Inc.,ETH
Swift Energy Company,SFY
Old National Bancorp Capital Trust I,ONB
Select Sector SPDR Fund - Technology,XLK
Eagle Materials Inc,EXP
"Sunstone Hotel Investors, Inc.",SHO
W Holding Company Incorporated,WHI
"Komag, Inc. New",KOMG
"Silgan Holdings, Inc.",SLGN
Lancaster Colony Corporation,LANC
Gemstar-TV Guide International Inc.,GMST
Semtech Corporation,SMTC
"Dress Barn, Inc. (The)",DBRN
"Duquesne Light Holdings, Inc.",DQE
"ANSYS, Inc.",ANSS
"Dreamworks Animation SKG, Inc.",DWA
"Internation Securities Exchange, Inc.",ISE
"Guitar Center, Inc.",GTRC
RLI Corporation,RLI
"DRS Technologies, Inc.",DRS
21st Century Insurance Group,TW
"Investors Bancorp, Inc.",ISBC
InterDigital Communications Corp.,IDCC
"Hilb, Rogal and Hamilton Company",HRH
"Alpharma, Inc.",ALO
"NBTY, Inc.",NTY
Washington Real Estate Investment Trust,WRE
Iamgold Corporation,IAG
"Trident Microsystems, Inc.",TRID
International Speedway Corporation,ISCA
Jack In The Box Inc.,JBX
Maytag Corporation,MYG
Cognex Corporation,CGNX
"MAF Bancorp, Inc.",MAFB
"W-H Energy services, Inc.",WHQ
"Alliance Resource Partners, L.P.",ARLP
"RF Micro Devices, Inc.",RFMD
"Tetra Technologies, Inc.",TTI
Haemonetics Corporation,HAE
"Gardner Denver, Inc.",GDI
Intrawest Corporation,IDR
CITIGROUP CAP VIII,C^Z
"Sycamore Networks, Inc.",SCMR
Roto-Rooter Inc,CHE
"Nuance Communications, Inc.",NUAN
"Nu Skin Enterprises, Inc.",NUS
"Wolverine World Wide, Inc.",WWW
"Delphi Financial Group, Inc.",DFG
AQUILA INC,ILA
"Lee Enterprises, Incorporated",LEE
Alfa Corporation,ALFA
STATS ChipPAC Ltd.,STTS
Remington Oil and Gas Corporation,REM
Deluxe Corporation,DLX
Life Time Fitness,LTM
"Pinnacle Entertainment, Inc.",PNK
"Comstock Resources, Inc.",CRK
"P.F.Chang's China Bistro, Inc.",PFCB
Technical Olympic USA Inc,TOA
Ship Finance International,SFL
"RealNetworks, Inc.",RNWK
Stone Energy Corporation,SGY
Lazard LTD.,LAZ
"IDACORP, Inc.",IDA
"United Natural Foods, Inc.",UNFI
Dick's Sporting Goods Inc,DKS
"Immucor, Inc.",BLUD
"Fresh Del Monte Produce, Inc.",FDP
Beverly Enterprises. Inc.,BEV
Tupperware Corporation,TUP
"Allete, Inc.",ALE
EAGLE MATERIALS INC,EXP/B
Chittenden Corporation,CHZ
"Valassis Communications, Inc.",VCI
Wells Fargo Cap IX,WSF
Hancock Holding Company,HBHC
"Westwood One, Inc.",WON
"OmniVision Technologies, Inc.",OVTI
USEC Inc.,USU
Hercules Incorporated,HPC
Stillwater Mining Company,SWC
Brasil Telecom Participacoes S.A.,BTM
"Ferrellgas Partners, L.P.",FGP
Longs Drug Stores Corporation,LDG
"Resources Connection, Inc.",RECN
Greater Bay Bancorp,GBBK
iShares Small Cap 600/BARRA Growth Index Fund,IJT
"Multi-Fineline Electronix, Inc.",MFLX
Cohen & Steers Reit and Preferred Income Fund Inc,RNP
Quilmes Industrial (Quinsa) S.A.,LQU
"HealthExtras, Inc.",HLEX
"Aleris International, Inc.",ARS
Acco Brands Corporation,ABD
Coeur d'Alene Mines Corporation,CDE
Informatica Corporation,INFA
BOARDWALK PIPELINE PARTNERS,BWP
"MGI PHARMA, Inc.",MOGN
Curtiss-Wright Corporation,CW
Baxter International Inc.,BAX^
Andrx Group,ADRX
General Maritime Corporation,GMR
Senior Housing Properties Trust,SNH
Provident Financial Services,PFS
Watson Wyatt & Company Holdings,WW
IShares Trust FTSE-Xinhua China 25 Index Fund,FXI
SCHERING PLOUGH CORP,SGP^M
Thoratec Corporation,THOR
"Casey's General Stores, Inc.",CASY
Scottish RE Group Limited,SCT
"Equinix, Inc.",EQIX
"Net 1 UEPS Technologies, Inc.",UEPS
"Alexander's, Inc.",ALX
Corus Entertainmt Incorporated,CJR
Wintrust Financial Corporation,WTFC
"EMCOR Group, Inc.",EME
"Great Atlantic & Pacific Tea Company, Inc. (The)",GAP
Quinenco SA,LQ
Liberty All-Star Equity Fund,USA
"Orient-Express Hotels, Ltd.",OEH
"Strayer Education, Inc.",STRA
ATMI Inc.,ATMI
Empresas Ica Soc Contrladora,ICA
Ansell Limited,ANSL
CORPBANCA,BCA
"Idenix Pharmaceuticals, Inc.",IDIX
"PETCO Animal Supplies, Inc.",PETC
"SRA International, Inc",SRX
Nuveen Preferred and Convertible Income Fund,JPC
AK Steel Holding Corporation,AKS
"Bio-Rad Laboratories, Inc.",BIO
"Global Cash Access Holdings, Inc.",GCA
OMI Corporation,OMM
Embratel Participacoes SA,EMT
CVB Financial Corporation,CVBF
ESCO Technologies Inc.,ESE
"Brooks Automation, Inc.",BRKS
"Ameristar Casinos, Inc.",ASCA
"Brocade Communications Systems, Inc.",BRCD
hanarotelecom incorporated,HANA
Umpqua Holdings Corporation,UMPQ
"Bucyrus International, Inc.",BUCY
Strategic Hotel Capital Inc,SLH
"Linens 'n Things, Inc.",LIN
Kronos Incorporated,KRON
NewJersey Resources Corporation,NJR
Biomed Realty Trust,BMR
Perdigao S.A.,PDA
"Applied Industrial Technologies, Inc.",AIT
"Owens & Minor, Inc.",OMI
"Under Armour, Inc.",UARM
Plexus Corp.,PLXS
LaSalle Hotel Properties,LHO
ATP Oil & Gas Corporation,ATPG
"Commercial Net Lease Realty, Inc.",NNN
"Texas Industries, Inc.",TXI
"Labor Ready, Inc.",LRW
Rydex ETF Trust,RSP
Spansion Inc.,SPSN
Tele Centro Oest Celular Participacoes S.A.,TRO
Arris Group Inc,ARRS
Merrill Lynch Semiconductor HOLDRS,SMH
"Nuveen Insured Municipal Opportunity Fund, Inc.",NIO
Sina Corporation,SINA
Digital Insight Corporation,DGIN
"Hearst-Argyle Television, Inc.",HTV
"ArvinMeritor, Inc.",ARM
"CEC Entertainment, Inc.",CEC
"Transaction Systems Architects , Inc.",TSAI
Banta Corporation,BN
Masisa Sa Ads,MYS
Arbitron Inc.,ARB
iShares Dow Jones U.S. Health Care Index Fund,IYH
"Furniture Brands International, Inc.",FBN
"Pantry, Inc. (The)",PTRY
WCI Communities Inc,WCI
Randgold Resources Limited,GOLD
Domtar Incorporated,DTC
Forward Air Corporation,FWRD
U-Store-It Trust,YSI
ABN AMRO CAP FDG TR V,ABN^E
"Children's Place Retail Stores, Inc. (The)",PLCE
"CommScope, Inc.",CTV
Penn Virginia Corporation,PVA
"Theravance, Inc.",THRX
Universal Corporation,UVV
MERRILL LYNCH & CO INC,MER^H
Nuveen Equity Premium Opportunity Fund,JSN
Putnam Premier Income Trust,PPT
New River Pharmaceuticals Inc.,NRPH
American Greetings Corporation,AM
"Dril-Quip, Inc.",DRQ
American Reporgraphics Company,ARP
"Apria Healthcare Group, Inc.",AHG
Provident Bankshares Corporation,PBKS
VistaPrint Limited,VPRT
"Bois D'Arc Energy, Inc.",BDE
iShares S&P Europe 350 Index Fund,IEV
Scholastic Corporation,SCHL
"CCE Spinco, Inc.",LYV
Zale Corporation,ZLC
Citizens Banking Corporation,CBCF
Matthews International Corporation,MATW
"Magellan Health Services, Inc.",MGLN
FelCor Lodging Trust Incorporated,FCH
"FormFactor, Inc.",FORM
Newcastle Investment Corporation,NCT
"Gabelli Equity Trust, Inc. (The)",GAB
SANTANDER BANCORP,SBP
Midway Games Inc.,MWY
"Varian, Inc.",VARI
"China Medical Technologies, Inc.",CMED
Alabama National BanCorporation,ALAB
"SSA Global Technologies, Inc.",SSAG
Companhia Paranaense de Energia (COPEL),ELP
"Kingsway Financial Services, Inc.",KFS
Eldorado Gold Corp,EGO
"Itron, Inc.",ITRI
"Digital River, Inc.",DRIV
Delta Petroleum Corporation,DPTR
j2 Global Communications Inc,JCOM
"MKS Instruments, Inc.",MKSI
Black Hills Corporation,BKH
"Aviall, Inc.",AVL
"Revlon, Inc.",REV
Petrohawk Energy Corporation,HAWK
Belden CDT Inc,BDC
Doral Financial Corporation,DRL
Shanda Interactive Entertainment Limited,SNDA
"Advance America, Cash Advance Centers, Inc.",AEA
Parker Drilling Company,PKD
"Digitas, Inc.",DTAS
PSS World Medical Inc.,PSSI
FileNet Corporation,FILE
iShares Lehman 7-10 Year Treasury Bond Fund,IEF
"Quality Systems, Inc.",QSII
Callaway Golf Company,ELY
"Sonus Networks, Inc.",SONS
Verint Systems Inc.,VRNT
Georgia Gulf Corporation,GGC
"Knight Capital Group, Inc.",NITE
BBVA Banco Frances S.A.,BFR
Tesla,TSLA
